--Insert

INSERT INTO Hotel (Hotel_ID,Hotel_Name,Location,Phone,Email)
VALUES (1,'The Originals Hotel', 'Ataturk Street, Göreme, Nevþehir,Turkey', '0384 312 34 50','reservations@theoriginalshotel.com');


INSERT INTO RoomType (TypeID, Name, PricePerNightPerPerson, Capacity)
VALUES
(1, 'Classic Room', 100, 2),
(2, 'Deluxe Room', 200, 3),
(3, 'Balloon View Room', 400, 2);
INSERT INTO Room (RoomNo, R_Hotel_ID, R_TypeID, Status)
VALUES
  (001, 1, 1, 'Occupied'),
  (002, 1, 1, 'Occupied'),
  (003, 1, 1, 'Occupied'), 
  (004, 1, 1, 'Occupied'),
  (005, 1, 1, 'Occupied'),
  (006, 1, 1, 'Occupied'),
  (007, 1, 1, 'Occupied'),
  (008, 1, 1, 'Occupied'),
  (009, 1, 1, 'Occupied'),
  (010, 1, 1, 'Available'),
  (011, 1, 1, 'Available'),
  (012, 1, 1, 'Occupied'),
  (013, 1, 1, 'Occupied'),
  (014, 1, 1, 'Occupied'),
  (015, 1, 1, 'Available'),
  (016, 1, 1, 'Occupied'),
  (017, 1, 1, 'Occupied'),
  (018, 1, 1, 'Occupied'),
  (019, 1, 1, 'Occupied'),
  (020, 1, 1, 'Occupied'),
  (021, 1, 1, 'Occupied'),
  (022, 1, 1, 'Occupied'),
  (023, 1, 1, 'Occupied'),
  (024, 1, 1, 'Occupied'),
  (025, 1, 1, 'Occupied'),
  (026, 1, 1, 'Occupied'),
  (027, 1, 1, 'Occupied'),
  (028, 1, 1, 'Occupied'),
  (029, 1, 1, 'Occupied'),
  (030, 1, 1, 'Available'),
  (031, 1, 1, 'Occupied'),
  (032, 1, 1, 'Occupied'),
  (033, 1, 1, 'Occupied'),
  (034, 1, 1, 'Occupied'),
  (035, 1, 1, 'Available'),
  (036, 1, 1, 'Available'),
  (037, 1, 1, 'Occupied'),
  (038, 1, 1, 'Occupied'),
  (039, 1, 1, 'Occupied'),
  (040, 1, 1, 'Available'),
  (041, 1, 1, 'Available'),
  (042, 1, 1, 'Occupied'),
  (043, 1, 1, 'Occupied'),
  (044, 1, 1, 'Occupied'),
  (045, 1, 1, 'Occupied'),
  (046, 1, 1, 'Occupied'),
  (047, 1, 1, 'Occupied'),
  (048, 1, 1, 'Occupied'),
  (049, 1, 1, 'Occupied'),
  (050, 1, 1, 'Occupied'),
  (051, 1, 1, 'Occupied'),
  (052, 1, 1, 'Occupied'),
  (053, 1, 1, 'Occupied'),
  (054, 1, 1, 'Occupied'),
  (055, 1, 1, 'Occupied'),
  (056, 1, 1, 'Occupied'),
  (057, 1, 1, 'Occupied'),
  (058, 1, 1, 'Occupied'),
  (059, 1, 1, 'Occupied'),
  (060, 1, 1, 'Available'),
  (061, 1, 1, 'Occupied'),
  (062, 1, 1, 'Occupied'),
  (063, 1, 1, 'Occupied'),
  (064, 1, 1, 'Occupied'),
  (065, 1, 1, 'Occupied'),
  (066, 1, 1, 'Occupied'),
  (067, 1, 1, 'Occupied'),
  (068, 1, 1, 'Occupied'),
  (069, 1, 1, 'Occupied'),
  (070, 1, 1, 'Occupied'),
  (071, 1, 1, 'Occupied'),
  (072, 1, 1, 'Occupied'),
  (073, 1, 1, 'Occupied'),
  (074, 1, 1, 'Occupied'),
  (075, 1, 1, 'Occupied'),
  (076, 1, 2, 'Occupied'),
  (077, 1, 2, 'Occupied'),
  (078, 1, 2, 'Occupied'),
  (079, 1, 2, 'Occupied'),
  (080, 1, 2, 'Occupied'),
  (081, 1, 2, 'Occupied'),
  (082, 1, 2, 'Occupied'),
  (083, 1, 2, 'Occupied'),
  (084, 1, 2, 'Occupied'),
  (085, 1, 2, 'Available'),
  (086, 1, 2, 'Occupied'),
  (087, 1, 2, 'Occupied'),
  (088, 1, 2, 'Occupied'),
  (089, 1, 2, 'Occupied'),
  (090, 1, 2, 'Available'),
  (091, 1, 2, 'Occupied'),
  (092, 1, 2, 'Occupied'),
  (093, 1, 2, 'Occupied'),
  (094, 1, 2, 'Occupied'),
  (095, 1, 2, 'Occupied'),
  (096, 1, 2, 'Occupied'),
  (097, 1, 2, 'Occupied'),
  (098, 1, 2, 'Occupied'),
  (099, 1, 2, 'Occupied'),
  (100, 1, 3, 'Occupied'),
  (101, 1, 3, 'Occupied'),
  (102, 1, 3, 'Occupied'),
  (103, 1, 3, 'Occupied'),
  (104, 1, 3, 'Occupied'),
  (105, 1, 3, 'Occupied'),
  (106, 1, 3, 'Occupied'),
  (107, 1, 3, 'Occupied'),
  (108, 1, 3, 'Occupied'),
  (109, 1, 3, 'Occupied'),
  (110, 1, 3, 'Occupied'),
  (111, 1, 3, 'Occupied');
  
  

INSERT INTO Customer (Cust_ID, FName, LName, BDate, Address, Phone, Email, Sex)
VALUES
   ('Cust001', 'Viktor', 'Andersen', '1990-09-15', 'Oslo, Norway', '+47 55 123 456', 'viktor.andersen@email.com', 'M'),
   ('Cust002', 'Elena', 'Kovac', '1985-04-25', 'Belgrade, Serbia', '+381 11 234 5678', 'elena.kovac@email.com', 'F'),
   ('Cust003', 'Sebastian', 'Larsen', '1988-02-18', 'Copenhagen, Denmark', '+45 12 34 56 78', 'sebastian.larsen@email.com', 'M'),
   ('Cust004', 'Sophie', 'Dumont', '1995-11-03', 'Brussels, Belgium', '+32 2 345 67 89', 'sophie.dumont@email.com', 'F'),
   ('Cust005', 'Marius', 'Andersson', '1983-04-20', 'Stockholm, Sweden', '+46 8 123 456 78', 'marius.andersson@email.com', 'M'),
   ('Cust006', 'Sofia', 'Ribeiro', '1992-12-08', 'Lisbon, Portugal', '+351 21 234 5678', 'sofia.ribeiro@email.com', 'F'),
   ('Cust007', 'Niklas', 'Jensen', '1987-07-14', 'Copenhagen, Denmark', '+45 15 35 86 98', 'niklas.jensen@email.com', 'M'),
   ('Cust008', 'Isabelle', 'Lefèvre', '1998-03-01', 'Paris, France', '+33 1 23 45 67 89', 'isabelle.lefevre@email.com', 'F'),
   ('Cust009', 'Jonas', 'Bergström', '1993-08-10', 'Stockholm, Sweden', '+46 8 189 484 45', 'jonas.bergstrom@email.com', 'M'),
   ('Cust010', 'Inês', 'Gomes', '1989-05-22', 'Lisbon, Portugal', '+351 27 874 5412', 'ines.gomes@email.com', 'F'),
   ('Cust011', 'Petr', 'Novák', '1990-09-15', 'Prague, Czech Republic', '+420 123 456 789', 'petr.novak@email.com', 'M'),
   ('Cust012', 'Anna', 'Larsson', '1985-04-25', 'Stockholm, Sweden', '+46 4 745 215 47', 'anna.larsson@email.com', 'F'),
   ('Cust013', 'Mateo', 'Ricci', '1988-02-18', 'Rome, Italy', '+39 06 1234 5678', 'mateo.ricci@email.com', 'M'),
   ('Cust014', 'Marta', 'Silva', '1995-11-03', 'Lisbon, Portugal', '+351 45 125 7854', 'marta.silva@email.com', 'F'),
   ('Cust015', 'Johan', 'Andersson', '1983-04-20', 'Stockholm, Sweden', '+46 7 585 254 75', 'johan.andersson@email.com', 'M'),
   ('Cust016', 'Ahmet', 'Yýlmaz', '1985-09-15', 'Istanbul, Turkey', '+90 555 112 2334', 'ahmet.yilmaz@email.com', 'M'),
   ('Cust017', 'Ayþe', 'Demir', '1990-06-25', 'Ankara, Turkey', '+90 555 178 2152', 'ayse.demir@email.com', 'F'),
   ('Cust018', 'Mustafa', 'Kaya', '1988-02-18', 'Izmir, Turkey', '+90 555 334 4556', 'mustafa.kaya@email.com', 'M'),
   ('Cust019', 'Fatma', 'Çelik', '1995-11-03', 'Bursa, Turkey', '+90 555 445 5667', 'fatma.celik@email.com', 'F'),
   ('Cust020', 'Mehmet', 'Arslan', '1983-04-20', 'Antalya, Turkey', '+90 555 556 6778', 'mehmet.arslan@email.com', 'M'),
   ('Cust021', 'Zeynep', 'Aydýn', '1992-12-08', 'Istanbul, Turkey', '+90 553 667 7889', 'zeynep.aydin@email.com', 'F'),
   ('Cust022', 'Murat', 'Koç', '1987-07-14', 'Izmir, Turkey', '+90 553 778 8990', 'murat.koc@email.com', 'M'),
   ('Cust023', 'Elif', 'Þahin', '1998-03-01', 'Ankara, Turkey', '+90 555 889 9001', 'elif.sahin@email.com', 'F'),
   ('Cust024', 'Serdar', 'Öztürk', '1993-08-10', 'Antalya, Turkey', '+90 555 990 0112', 'serdar.ozturk@email.com', 'M'),
   ('Cust025', 'Sevim', 'Güneþ', '1989-05-22', 'Bursa, Turkey', '+90 555 001 1223', 'sevim.gunes@email.com', 'F'),
   ('Cust026', 'Ahmed', 'Al-Mansoori', '1990-09-15', 'Dubai, UAE', '+971 55 123 4567', 'ahmed.almansoori@email.com', 'M'),
   ('Cust027', 'Fatima', 'Al-Farsi', '1985-04-25', 'Muscat, Oman', '+968 95 678 901', 'fatima.alfarsi@email.com', 'F'), 
   ('Cust028', 'Youssef', 'El-Sharif', '1988-02-18', 'Cairo, Egypt', ' +20 10 1234 5678', 'youssef.elsharif@email.com', 'M'),
   ('Cust029', 'Layla', 'Al-Hakim', '1995-11-03', 'Riyadh, Saudi Arabia', '+966 55 678 9012', 'layla.alhakim@email.com', 'F'),
   ('Cust030', 'Nizar', 'Al-Hussein', '1983-04-20', 'Amman, Jordan', '+962 7 1234 5678', 'nizar.alhussein@email.com', 'M'),
   ('Cust031', 'Aisha', 'Al-Fahad', '1992-12-08', 'Doha, Qatar', '+974 55 678 901', 'aisha.alfahad@email.com', 'F'),
   ('Cust032', 'Khalid', 'Al-Maktoum', '1987-07-14', 'Manama, Bahrain', '+973 33 123 456', 'khalid.almaktoum@email.com', 'M'),
   ('Cust033', 'Hanan', 'Al-Najjar', '1998-03-01', 'Kuwait City, Kuwait', '+965 55 678 901', 'hanan.alnajjar@email.com', 'F'),
   ('Cust034', 'Omar', 'Al-Sabah', '1993-08-10', 'Sana, Yemen', '+967 711 234 567', 'omar.alsabah@email.com', 'M'),
   ('Cust035', 'Amira', 'Al-Khouri', '1989-05-22', 'Beirut, Lebanon', '+961 71 234 567', 'amira.alkhouri@email.com', 'F'),
   ('Cust036', 'Mateo', 'Hernandez', '1990-09-15', 'Madrid, Spain', '+34 612 34 56 78', 'mateo.hernandez@email.com', 'M'),
   ('Cust037', 'Isabella', 'Lopez', '1985-04-25', 'Barcelona, Spain', '+34 582 58 50 35', 'isabella.lopez@email.com', 'F'),
   ('Cust038', 'Santiago', 'Garcia', '1988-02-18', 'Valencia, Spain', '+34 662 85 15 79', 'santiago.garcia@email.com', 'M'),
   ('Cust039', 'Camila', 'Martinez', '1995-11-03', 'Seville, Spain', '+34 451 55 30 81', 'camila.martinez@email.com', 'F'),
   ('Cust040', 'Luis', 'Rodriguez', '1983-04-20', 'Zaragoza, Spain', '+34 852 51 25 74', 'luis.rodriguez@email.com', 'M'),
   ('Cust041', 'Sophia', 'Diaz', '1992-12-08', 'Malaga, Spain','+34 435 15 47 61', 'sophia.diaz@email.com', 'F'),
   ('Cust042', 'Daniel', 'Perez', '1987-07-14', 'Bilbao, Spain', '+34 414 12 28 72', 'daniel.perez@email.com', 'M'),
   ('Cust043', 'Valentina', 'Sanchez', '1998-03-01', 'Valladolid, Spain', '+34 644 12 84 52', 'valentina.sanchez@email.com', 'F'),
   ('Cust044', 'Carlos', 'Gomez', '1993-08-10', 'Murcia, Spain', '+34 615 18 85 51', 'carlos.gomez@email.com', 'M'),
   ('Cust045', 'Mia', 'Torres', '1989-05-22', 'Palma de Mallorca, Spain', '+34 614 15 25 50', 'mia.torres@email.com', 'F'),
   ('Cust046', 'Ivan', 'Ivanov', '1990-09-15', 'Moscow, Russia', '+7 916 123 45 67', 'ivan.ivanov@email.com', 'M'),
   ('Cust047', 'Elena', 'Smirnova', '1985-04-25', 'Saint Petersburg, Russia', '+7 914 125 42 66', 'elena.smirnova@email.com', 'F'),
   ('Cust048', 'Dmitry', 'Petrov', '1988-02-18', 'Novosibirsk, Russia', '+7 912 255 43 76', 'dmitry.petrov@email.com', 'M'),
   ('Cust049', 'Anna', 'Sokolova', '1995-11-03', 'Yekaterinburg, Russia', '+7 974 245 33 65', 'anna.sokolova@email.com', 'F'),
   ('Cust050', 'Alexei', 'Ilyin', '1983-04-20', 'Nizhny Novgorod, Russia', '+7 942 258 25 35', 'alexei.ilyin@email.com', 'M'),
   ('Cust051', 'Tatiana', 'Kuznetsova', '1992-12-08', 'Samara, Russia', '+7 911 218 15 24', 'tatiana.kuznetsova@email.com', 'F'),
   ('Cust052', 'Sergei', 'Kovalev', '1987-07-14', 'Omsk, Russia', '+7 908 288 38 22', 'sergei.kovalev@email.com', 'M'),
   ('Cust053', 'Yulia', 'Popova', '1998-03-01', 'Kazan, Russia', '+7 985 352 31 72', 'yulia.popova@email.com', 'F'),
   ('Cust054', 'Nikolai', 'Semenov', '1993-08-10', 'Chelyabinsk, Russia', '+7 985 532 35 55', 'nikolai.semenov@email.com', 'M'),
   ('Cust055', 'Anastasia', 'Volkova', '1989-05-22', 'Ufa, Russia', '+7 988 825 58 20', 'anastasia.volkova@email.com', 'F'),
   ('Cust056', 'Mohammed', 'Al-Farsi', '1990-09-15', 'Muscat, Oman', '+968 95 655 925', 'mohammed.alfarsi@email.com', 'M'),
   ('Cust057', 'Layla', 'Al-Hakim', '1985-04-25', 'Riyadh, Saudi Arabia', '+966 25 178 5022', 'layla.alhakim@email.com', 'F'),
   ('Cust058', 'Ahmed', 'Al-Mansoori', '1988-02-18', 'Dubai, UAE', '+971 35 895 2565', 'ahmed.almansoori@email.com', 'M'),
   ('Cust059', 'Aisha', 'Al-Fahad', '1995-11-03', 'Doha, Qatar', '+974 15 658 981', 'aisha.alfahad@email.com', 'F'),
   ('Cust060', 'Youssef', 'El-Sharif', '1983-04-20', 'Cairo, Egypt', '+20 10 9874 5178', 'youssef.elsharif@email.com', 'M'),
   ('Cust061', 'Lina', 'Al-Saud', '1992-12-08', 'Jeddah, Saudi Arabia', '+966 55 746 9652', 'lina.alsaud@email.com', 'F'),
   ('Cust062', 'Khalid', 'Al-Maktoum', '1987-07-14', 'Manama, Bahrain', '+973 33 165 158', 'khalid.almaktoum@email.com', 'M'),
   ('Cust063', 'Leila', 'Al-Sabah', '1998-03-01', 'Kuwait City, Kuwait', '+965 55 878 985', 'leila.alsabah@email.com', 'F'),
   ('Cust064', 'Omar', 'Al-Farsi', '1993-08-10', 'Muscat, Oman', '+968 95 328 101', 'omar.alfarsi@email.com', 'M'),
   ('Cust065', 'Huda', 'Al-Mazrouei', '1989-05-22', 'Abu Dhabi, UAE', '+971 55 163 8567', 'huda.almazrouei@email.com', 'F'),
   ('Cust066', 'Yuki', 'Tanaka', '1990-09-15', 'Tokyo, Japan', '+81 90 6321 5278', 'yuki.tanaka@email.com', 'M'),
   ('Cust067', 'Mei', 'Chen', '1985-04-25', 'Shanghai, China', '+86 138 4852 6325', 'mei.chen@email.com', 'F'),
   ('Cust068', 'Jae-Hoon', 'Kim', '1988-02-18', 'Seoul, South Korea', '+82 10 1924 5625', 'jaehoon.kim@email.com', 'M'),
   ('Cust069', 'Siti', 'Rahman', '1995-11-03', 'Kuala Lumpur, Malaysia', '+60 12 987 1489', 'siti.rahman@email.com', 'F'),
   ('Cust070', 'Hiroshi', 'Yamamoto', '1983-04-20', 'Osaka, Japan', '+81 90 1564 9788', 'hiroshi.yamamoto@email.com', 'M'),
   ('Cust071', 'Lan', 'Nguyen', '1992-12-08', 'Hanoi, Vietnam', '+84 912 817 668', 'lan.nguyen@email.com', 'F'),
   ('Cust072', 'Muhammad', 'Ismail', '1987-07-14', 'Karachi, Pakistan', '+92 300 1874567', 'muhammad.ismail@email.com', 'M'),
   ('Cust073', 'Priya', 'Patel', '1998-03-01', 'Mumbai, India', '+91 94565 48750', 'priya.patel@email.com', 'F'),
   ('Cust074', 'Teng', 'Li', '1993-08-10', 'Beijing, China', '+86 138 7465 7421', 'teng.li@email.com', 'M'),
   ('Cust075', 'Yui', 'Sato', '1989-05-22', 'Kyoto, Japan', '+81 90 5132 7158', 'yui.sato@email.com', 'F'),
   ('Cust076', 'Ali', 'Yýlmaz', '1990-09-15', 'Istanbul, Turkey', '+90 532 112 2334', 'ali.yilmaz@email.com', 'M'),
   ('Cust077', 'Ayþe', 'Kaya', '1985-04-25', 'Ankara, Turkey', '+90 532 118 9852', 'ayse.kaya@email.com', 'F'),
   ('Cust078', 'Mehmet', 'Demir', '1988-02-18', 'Izmir, Turkey', '+90 532 201 5623', 'mehmet.demir@email.com', 'M'),
   ('Cust079', 'Zeynep', 'Çelik', '1995-11-03', 'Bursa, Turkey', '+90 532 232 5951', 'zeynep.celik@email.com', 'F'),
   ('Cust080', 'Mustafa', 'Yýldýz', '1983-04-20', 'Antalya, Turkey', '+90 532 556 6169', 'mustafa.yildiz@email.com', 'M'),
   ('Cust081', 'Selin', 'Aksoy', '1992-12-08', 'Adana, Turkey', '+90 532 513 6749', 'selin.aksoy@email.com', 'F'),
   ('Cust082', 'Efe', 'Ergin', '1987-07-14', 'Konya, Turkey', '+90 532 211 7860', 'efe.ergin@email.com', 'M'),
   ('Cust083', 'Elif', 'Þahin', '1998-03-01', 'Diyarbakýr, Turkey', '+90 532 232 7521', 'elif.sahin@email.com', 'F'),
   ('Cust084', 'Burak', 'Koç', '1993-08-10', 'Trabzon, Turkey', '+90 532 202 7061', 'burak.koc@email.com', 'M'),
   ('Cust085', 'Aysu', 'Turan', '1989-05-22', 'Erzurum, Turkey', '+90 532 571 5016', 'aysu.turan@email.com', 'F'),
   ('Cust086', 'Emre', 'Kaplan', '1990-09-15', 'Isparta, Turkey', '+90 532 748 8528', 'emre.kaplan@email.com', 'M'),
   ('Cust087', 'Ceren', 'Yýldýrým', '1985-04-25', 'Manisa, Turkey', '+90 532 181 7156', 'ceren.yildirim@email.com', 'F'),
   ('Cust088', 'Hakan', 'Aydýn', '1988-02-18', 'Eskiþehir, Turkey', '+90 532 454 2536', 'hakan.aydin@email.com', 'M'),
   ('Cust089', 'Buse', 'Can', '1995-11-03', 'Kayseri, Turkey', '+90 532 485 8754', 'buse.can@email.com', 'F'),
   ('Cust090', 'Tolga', 'Kurt', '1983-04-20', 'Mersin, Turkey', '+90 532 145 7133', 'tolga.kurt@email.com', 'M'),
   ('Cust091', 'Sude', 'Aksu', '1992-12-08', 'Samsun, Turkey', '+90 532 758 1155', 'sude.aksu@email.com', 'F'),
   ('Cust092', 'Onur', 'Þen', '1987-07-14', 'Kahramanmaraþ, Turkey', '+90 538 125 1546', 'onur.sen@email.com', 'M'),
   ('Cust093', 'Þeyma', 'Bulut', '1998-03-01', 'Denizli, Turkey', '+90 538 824 1220', 'seyma.bulut@email.com', 'F'),
   ('Cust094', 'Oktay', 'Aktaþ', '1993-08-10', 'Þanlýurfa, Turkey', '+90 538 474 6853', 'oktay.aktas@email.com', 'M'),
   ('Cust095', 'Sevgi', 'Çetin', '1989-05-22', 'Aydýn, Turkey', '+90 538 925 6123', 'sevgi.cetin@email.com', 'F'),
   ('Cust096', 'Kazuki', 'Tanaka', '1990-09-15', 'Tokyo, Japan', '+81 90 4231 5678', 'kazuki.tanaka@email.com', 'M'),
   ('Cust097', 'Mei', 'Wong', '1985-04-25', 'Shanghai, China', '+86 138 8544 5488', 'mei.wong@email.com', 'F'),
   ('Cust098', 'Joon-Ho', 'Kim', '1988-02-18', 'Seoul, South Korea', '+82 10 9176 5782', 'joonho.kim@email.com', 'M'),
   ('Cust099', 'Siti', 'Rahman', '1995-11-03', 'Kuala Lumpur, Malaysia', '+60 12 382 4729', 'siti.rahman@email.com', 'F'),
   ('Cust100', 'Hiroshi', 'Yamamoto', '1983-04-20', 'Osaka, Japan', '+81 80 1756 9522', 'hiroshi.yamamoto@email.com', 'M'),
   ('Cust101', 'Lan', 'Nguyen', '1992-12-08', 'Hanoi, Vietnam', '+84 91 925 2458', 'lan.nguyen@email.com', 'F'),
   ('Cust102', 'Muhammad', 'Ismail', '1987-07-14', 'Karachi, Pakistan', '+92 300 793687257', 'muhammad.ismail@email.com', 'M'),
   ('Cust103', 'Priya', 'Patel', '1998-03-01', 'Mumbai, India', '+91 98 8574 6810', 'priya.patel@email.com', 'F'),
   ('Cust104', 'Teng', 'Li', '1993-08-10', 'Beijing, China', '+86 138 1974 5218', 'teng.li@email.com', 'M'),
   ('Cust105', 'Yui', 'Sato', '1989-05-22', 'Kyoto, Japan', '+81 80 7866 4472', 'yui.sato@email.com', 'F'),
   ('Cust106', 'Ravi', 'Kumar', '1990-09-15', 'New Delhi, India', '+91 98 7334 3200', 'ravi.kumar@email.com', 'M'),
   ('Cust107', 'Jia', 'Chen', '1985-04-25', 'Shenzhen, China', '+86 138 1784 9858', 'jia.chen@email.com', 'F'),
   ('Cust108', 'Dae-Hyun', 'Park', '1988-02-18', 'Busan, South Korea', '+82 10 3586 5452', 'daehyun.park@email.com', 'M'),
   ('Cust109', 'Lina', 'Mohammed', '1995-11-03', 'Kuala Lumpur, Malaysia', '+60 12 825 6775', 'lina.mohammed@email.com', 'F'),
   ('Cust110', 'Takeshi', 'Suzuki', '1983-04-20', 'Osaka, Japan', '+81 80 1476 8572', 'takeshi.suzuki@email.com', 'M'),
   ('Cust111', 'Wei', 'Liu', '1992-12-08', 'Shanghai, China', '+86 138 9236 8524', 'wei.liu@email.com', 'F'),
   ('Cust112', 'Rahul', 'Verma', '1987-07-14', 'Mumbai, India', '+91 98 2544 7985', 'rahul.verma@email.com', 'M'),
   ('Cust113', 'Mai', 'Tran', '1998-03-01', 'Ho Chi Minh City, Vietnam', '+84 91 184 7982', 'mai.tran@email.com', 'F'),
   ('Cust114', 'Hiroki', 'Yamashita', '1993-08-10', 'Tokyo, Japan', '+81 80 9814 7528', 'hiroki.yamashita@email.com', 'M'),
   ('Cust115', 'An', 'Le', '1989-05-22', 'Hanoi, Vietnam', '+84 91 628 5659', 'an.le@email.com', 'F'),
   ('Cust116', 'Ali', 'Ahmed', '1990-09-15', 'Karachi, Pakistan', '+92 341 1234567', 'ali.ahmed@email.com', 'M'),
   ('Cust117', 'Meera', 'Singh', '1985-04-25', 'New Delhi, India', '+91 98 2124 7725', 'meera.singh@email.com', 'F'),
   ('Cust118', 'Min-Jae', 'Lee', '1988-02-18', 'Seoul, South Korea', '+82 10 3586 5452', 'minjae.lee@email.com', 'M'),
   ('Cust119', 'Nadia', 'Hamid', '1995-11-03', 'Kuala Lumpur, Malaysia', '+60 12 810 8575', 'nadia.hamid@email.com', 'F'),
   ('Cust120', 'Hiroshi', 'Nakamura', '1983-04-20', 'Osaka, Japan', '+81 80 7166 8212', 'hiroshi.nakamura@email.com', 'M'),
   ('Cust121', 'Yuki', 'Saito', '1992-12-08', 'Tokyo, Japan', '+81 80 1166 3512', 'yuki.saito@email.com', 'F'),
   ('Cust122', 'Kiran', 'Patel', '1987-07-14', 'Mumbai, India', '+91 98 7854 2187', 'kiran.patel@email.com', 'M'),
   ('Cust123', 'Linh', 'Tran', '1998-03-01', 'Hanoi, Vietnam', '+84 91 328 9546', 'linh.tran@email.com', 'F'),
   ('Cust124', 'Kazumi', 'Yamaguchi', '1993-08-10', 'Osaka, Japan', '+81 80 1566 8720', 'kazumi.yamaguchi@email.com', 'M'),
   ('Cust125', 'Jing', 'Wang', '1989-05-22', 'Shanghai, China', '+86 138 9250 5017', 'jing.wang@email.com', 'F'),
   ('Cust126', 'Erik', 'Larsen', '1990-09-15', 'Oslo, Norway', '+47 90 02 34 56', 'erik.larsen@email.com', 'M'),
   ('Cust127', 'Ingrid', 'Svensson', '1985-04-25', 'Stockholm, Sweden', '+46 70 123 05 95', 'ingrid.svensson@email.com', 'F'),
   ('Cust128', 'Mads', 'Andersen', '1988-02-18', 'Copenhagen, Denmark', '+45 20 18 30 56', 'mads.andersen@email.com', 'M'),
   ('Cust129', 'Ida', 'Johansen', '1995-11-03', 'Oslo, Norway', '+47 90 02 89 76', 'ida.johansen@email.com', 'F'),
   ('Cust130', 'Gustav', 'Persson', '1983-04-20', 'Gothenburg, Sweden', '+46 70 160 44 67', 'gustav.persson@email.com', 'M'),
   ('Cust131', 'Hanna', 'Lindström', '1992-12-08', 'Malmö, Sweden', '+46 70 860 50 50', 'hanna.lindstrom@email.com', 'F'),
   ('Cust132', 'Niels', 'Mortensen', '1987-07-14', 'Aarhus, Denmark', '+45 20 24 38 72' ,'niels.mortensen@email.com', 'M'),
   ('Cust133', 'Freja', 'Olsen', '1998-03-01', 'Copenhagen, Denmark', '+45 55 84 35 92', 'freja.olsen@email.com', 'F'),
   ('Cust134', 'Andreas', 'Berg', '1993-08-10', 'Oslo, Norway', '+47 50 02 74 16', 'andreas.berg@email.com', 'M'),
   ('Cust135', 'Emma', 'Gustafsson', '1989-05-22', 'Stockholm, Sweden', '+46 70 110 24 59', 'emma.gustafsson@email.com', 'F'),
   ('Cust136', 'Jens', 'Sørensen', '1990-09-15', 'Aalborg, Denmark', '+45 42 74 82 72', 'jens.sorensen@email.com', 'M'),
   ('Cust137', 'Sophie', 'Pedersen', '1985-04-25', 'Copenhagen, Denmark', '+45 82 76 47 22', 'sophie.pedersen@email.com', 'F'),
   ('Cust138', 'Niklas', 'Nielsen', '1988-02-18', 'Oslo, Norway', '+47 95 35 95 66', 'niklas.nielsen@email.com', 'M'),
   ('Cust139', 'Lina', 'Larsson', '1995-11-03', 'Gothenburg, Sweden', '+46 85 685 74 63', 'lina.larsson@email.com', 'F'),
   ('Cust140', 'Christian', 'Hansen', '1983-04-20', 'Copenhagen, Denmark', '+45 85 46 66 11', 'christian.hansen@email.com', 'M'),
   ('Cust141', 'Emelie', 'Johansson', '1992-12-08', 'Stockholm, Sweden', '+46 15 805 74 03', 'emelie.johansson@email.com', 'F'),
   ('Cust142', 'Mikkel', 'Olesen', '1987-07-14', 'Aarhus, Denmark', '+45 87 48 62 05', 'mikkel.olesen@email.com', 'M'),
   ('Cust143', 'Sara', 'Eriksson', '1998-03-01', 'Gothenburg, Sweden','+46 73 622 85 47', 'sara.eriksson@email.com', 'F'),
   ('Cust144', 'Ole', 'Jensen', '1993-08-10', 'Copenhagen, Denmark', '+45 57 78 32 12', 'ole.jensen@email.com', 'M'),
   ('Cust145', 'Anna', 'Nilsson', '1989-05-22', 'Stockholm, Sweden', '+46 23 122 75 67', 'anna.nilsson@email.com', 'F'),
   ('Cust146', 'Lukas', 'Schmidt', '1990-09-15', 'Berlin, Germany', '+49 170 1075567', 'lukas.schmidt@email.com', 'M'),
   ('Cust147', 'Sophie', 'Dupont', '1985-04-25', 'Paris, France', '+33 6 45 84 96 58', 'sophie.dupont@email.com', 'F'),
   ('Cust148', 'Matteo', 'Ricci', '1988-02-18', 'Rome, Italy', '+39 333 18746867', 'matteo.ricci@email.com', 'M'),
   ('Cust149', 'Elena', 'Vasquez', '1995-11-03', 'Madrid, Spain', '+34 612 38 96 25', 'elena.vasquez@email.com', 'F'),
   ('Cust150', 'Jan', 'Novak', '1983-04-20', 'Prague, Czech Republic', '+420 601 973 586', 'jan.novak@email.com', 'M'),
   ('Cust151', 'Isabella', 'Müller', '1992-12-08', 'Vienna, Austria', '+43 660 1987527', 'isabella.muller@email.com', 'F'),
   ('Cust152', 'Miguel', 'Fernandez', '1987-07-14', 'Barcelona, Spain', '+34 612 29 75 36', 'miguel.fernandez@email.com', 'M'),
   ('Cust153', 'Amélie', 'Lefevre', '1998-03-01', 'Paris, France', '+33 6 45 82 25 08', 'amelie.lefevre@email.com', 'F'),
   ('Cust154', 'Andreas', 'Jensen', '1993-08-10', 'Copenhagen, Denmark', '+45 87 25 42 75', 'andreas.jensen@email.com', 'M'),
   ('Cust155', 'Olga', 'Ivanova', '1989-05-22', 'Moscow, Russia', '+7 916 973 25 37', 'olga.ivanova@email.com', 'F'),
   ('Cust156', 'Liam', 'Schulz', '1990-09-15', 'Berlin, Germany', '+49 220 0355567', 'liam.schulz@email.com', 'M'),
   ('Cust157', 'Camille', 'Dubois', '1985-04-25', 'Paris, France', '+33 6 87 82 65 15', 'camille.dubois@email.com', 'F'),
   ('Cust158', 'Giorgio', 'Moretti', '1988-02-18', 'Rome, Italy', '+39 303 76398867', 'giorgio.moretti@email.com', 'M'),
   ('Cust159', 'Maria', 'Lopez', '1995-11-03', 'Madrid, Spain', '+34 605 39 95 05', 'maria.lopez@email.com', 'F'),
   ('Cust160', 'Pavel', 'Novak', '1983-04-20', 'Prague, Czech Republic', '+420 611 203 686', 'pavel.novak@email.com', 'M'),
   ('Cust161', 'Eva', 'Hofmann', '1992-12-08', 'Vienna, Austria', '+43 661 0983647', 'eva.hofmann@email.com', 'F'),
   ('Cust162', 'Antonio', 'Gomez', '1987-07-14', 'Barcelona, Spain', '+34 613 35 95 28', 'antonio.gomez@email.com', 'M'),
   ('Cust163', 'Chloé', 'Leroux', '1998-03-01', 'Paris, France', '+33 6 85 12 22 88', 'chloe.leroux@email.com', 'F'),
   ('Cust164', 'Luca', 'Romano', '1993-08-10', 'Rome, Italy', '+39 302 58978867', 'luca.romano@email.com', 'M'),
   ('Cust165', 'Ana', 'Garcia', '1989-05-22', 'Madrid, Spain', '+34 612 35 35 53', 'ana.garcia@email.com', 'F'),
   ('Cust166', 'Karel', 'Svoboda', '1990-09-15', 'Prague, Czech Republic', '+420 601 287 658', 'karel.svoboda@email.com', 'M'),
   ('Cust167', 'Elise', 'Larsson', '1985-04-25', 'Stockholm, Sweden', '+46 73 602 80 37', 'elise.larsson@email.com', 'F'),
   ('Cust168', 'Dario', 'Costa', '1988-02-18', 'Lisbon, Portugal', '+351 912 367 658', 'dario.costa@email.com', 'M'),
   ('Cust169', 'Isabel', 'Fernandez', '1995-11-03', 'Barcelona, Spain', '+34 613 21 58 47', 'isabel.fernandez@email.com', 'F'),
   ('Cust170', 'Jiri', 'Marek', '1983-04-20', 'Prague, Czech Republic', '+420 624 252 187', 'jiri.marek@email.com', 'M'),
   ('Cust171', 'Lucia', 'Silva', '1992-12-08', 'Lisbon, Portugal', '+351 948 358 227', 'lucia.silva@email.com', 'F'),
   ('Cust172', 'Giovanni', 'Ricci', '1987-07-14', 'Rome, Italy', '+39 307 58941986', 'giovanni.ricci@email.com', 'M'),
   ('Cust173', 'Catarina', 'Rodriguez', '1998-03-01', 'Lisbon, Portugal', '+351 842 924 369', 'catarina.rodriguez@email.com', 'F'),
   ('Cust174', 'Matej', 'Novak', '1993-08-10', 'Prague, Czech Republic', '+420 481 057 700', 'matej.novak@email.com', 'M'),
   ('Cust175', 'Emma', 'Lindqvist', '1989-05-22', 'Stockholm, Sweden', '+46 33 202 20 81', 'emma.lindqvist@email.com', 'F'),
   ('Cust176', 'Ahmet', 'Yýlmaz', '1990-09-15', 'Istanbul, Turkey', '+90 542 062 9704', 'ahmet.yilmaz@email.com', 'M'),
   ('Cust177', 'Fatma', 'Kaya', '1985-04-25', 'Ankara, Turkey', '+90 542 052 1487', 'fatma.kaya@email.com', 'F'),
   ('Cust178', 'Ali', 'Al-Mansoori', '1988-02-18', 'Dubai, UAE', '+971 32 742 2150', 'ali.al-mansoori@email.com', 'M'),
   ('Cust179', 'Noura', 'Abdullah', '1995-11-03', 'Riyadh, Saudi Arabia', '+966 23 078 4022', 'noura.abdullah@email.com', 'F'),
   ('Cust180', 'Mustafa', 'Kurtuluþ', '1983-04-20', 'Izmir, Turkey', '+90 542 250 9407', 'mustafa.kurtulus@email.com', 'M'),
   ('Cust181', 'Leila', 'Al-Farsi', '1992-12-08', 'Muscat, Oman', '+968 90 957 208', 'leila.al-farsi@email.com', 'F'),
   ('Cust182', 'Emir', 'Aydýn', '1987-07-14', 'Istanbul, Turkey', '+90 542 041 4183', 'emir.aydin@email.com', 'M'),
   ('Cust183', 'Yara', 'Al-Hakim', '1998-03-01', 'Amman, Jordan', '+962 4 9472 1538', 'yara.al-hakim@email.com', 'F'),
   ('Cust184', 'Mehmet', 'Çelik', '1993-08-10', 'Ankara, Turkey', '+90 542 146 6230', 'mehmet.celik@email.com', 'M'),
   ('Cust185', 'Lina', 'Al-Saud', '1989-05-22', 'Jeddah, Saudi Arabia', '+966 22 075 1024', 'lina.al-saud@email.com', 'F'),
   ('Cust186', 'Hakan', 'Kara', '1990-09-15', 'Istanbul, Turkey', '+90 542 001 4970', 'hakan.kara@email.com', 'M'),
   ('Cust187', 'Nadia', 'Al-Hassan', '1985-04-25', 'Doha, Qatar', '+974 10 474 901', 'nadia.al-hassan@email.com', 'F'),
   ('Cust188', 'Eren', 'Taþdemir', '1988-02-18', 'Istanbul, Turkey', '+90 542 031 2408', 'eren.tasdemir@email.com', 'M'),
   ('Cust189', 'Rana', 'Al-Mazrouei', '1995-11-03', 'Abu Dhabi, UAE', '+971 10 8781 1716', 'rana.al-mazrouei@email.com', 'F'),
   ('Cust190', 'Cem', 'Kurt', '1983-04-20', 'Ankara, Turkey', '+90 542 111 1407', 'cem.kurt@email.com', 'M'),
   ('Cust191', 'Yusuf', 'Al-Sulaiman', '1992-12-08', 'Riyadh, Saudi Arabia', '+966 12 175 4014', 'yusuf.al-sulaiman@email.com', 'F'),
   ('Cust192', 'Elif', 'Demir', '1987-07-14', 'Istanbul, Turkey', '+90 532 680 0284', 'elif.demir@email.com', 'M'),
   ('Cust193', 'Layla', 'Al-Qahtani', '1998-03-01', 'Jeddah, Saudi Arabia', '+966 21 175 6404', 'layla.al-qahtani@email.com', 'F'),
   ('Cust194', 'Berk', 'Yýldýz', '1993-08-10', 'Istanbul, Turkey', '+90 532 471 6902', 'berk.yildiz@email.com', 'M'),
   ('Cust195', 'Fatemah', 'Al-Mohamed', '1989-05-22', 'Kuwait City, Kuwait', '+965 14 715 3457', 'fatemah.al-mohamed@email.com', 'F'),
   ('Cust196', 'Ayþe', 'Koç', '1990-09-15', 'Istanbul, Turkey', '+90 532 924 0974', 'ayse.koc@email.com', 'F'),
   ('Cust197', 'Khalid', 'Al-Rashid', '1985-04-25', 'Dammam, Saudi Arabia', '+966 21 958 6792', 'khalid.al-rashid@email.com', 'M'),
   ('Cust198', 'Burak', 'Avcý', '1988-02-18', 'Istanbul, Turkey', '+90 532 999 0207', 'burak.avci@email.com', 'M'),
   ('Cust199', 'Amira', 'Al-Hamadi', '1995-11-03', 'Dubai, UAE', '+971 45 471 3020', 'amira.al-hamadi@email.com', 'F'),
   ('Cust200', 'Deniz', 'Kurt', '1983-04-20', 'Izmir, Turkey', '+90 532 500 0058', 'deniz.kurt@email.com', 'M');

   Insert Into Booking(BookingID,Bk_Cust_ID,BK_RoomNo,CheckinDate,CheckoutDate,TotalPrice)
   VALUES
   ('Book001', 'Cust001', 001, '2023-01-01', '2023-01-05', 500),
   ('Book002', 'Cust002', 001, '2023-01-01', '2023-01-05', 500),
   ('Book003', 'Cust003', 002, '2023-01-01', '2023-01-05', 500),
   ('Book004', 'Cust004', 002, '2023-01-01', '2023-01-05', 500),
   ('Book005', 'Cust005', 003, '2023-01-01', '2023-01-05', 500),
   ('Book006', 'Cust006', 003, '2023-01-01', '2023-01-05', 500),
   ('Book007', 'Cust007', 004, '2023-01-01', '2023-01-05', 500),
   ('Book008', 'Cust008', 004, '2023-01-01', '2023-01-05', 500),
   ('Book009', 'Cust009', 005, '2023-01-01', '2023-01-05', 500),
   ('Book010', 'Cust010', 005, '2023-01-01', '2023-01-05', 500),
   ('Book011', 'Cust011', 006, '2023-01-01', '2023-01-05', 500),
   ('Book012', 'Cust012', 006, '2023-01-01', '2023-01-05', 500),
   ('Book013', 'Cust013', 007, '2023-01-01', '2023-01-05', 500),
   ('Book014', 'Cust014', 007, '2023-01-01', '2023-01-05', 500),
   ('Book015', 'Cust015', 008, '2023-01-01', '2023-01-05', 500),
   ('Book016', 'Cust016', 008, '2023-01-01', '2023-01-05', 500),
   ('Book017', 'Cust017', 009, '2023-01-01', '2023-01-05', 500),
   ('Book018', 'Cust018', 009, '2023-01-01', '2023-01-05', 500),
   ('Book019', 'Cust019', 012, '2023-01-01', '2023-01-05', 500),
   ('Book020', 'Cust020', 012, '2023-01-01', '2023-01-05', 500),
   ('Book021', 'Cust021', 013, '2023-01-01', '2023-01-05', 500),
   ('Book022', 'Cust022', 013, '2023-01-01', '2023-01-05', 500),
   ('Book023', 'Cust023', 014, '2023-01-01', '2023-01-05', 500),
   ('Book024', 'Cust024', 014, '2023-01-01', '2023-01-05', 500),
   ('Book025', 'Cust025', 016, '2023-02-01', '2023-02-05', 500),
   ('Book026', 'Cust026', 016, '2023-02-01', '2023-02-05', 500),
   ('Book027', 'Cust027', 017, '2023-02-01', '2023-02-05', 500),
   ('Book028', 'Cust028', 017, '2023-02-01', '2023-02-05', 500),
   ('Book029', 'Cust029', 018, '2023-02-01', '2023-02-05', 500),
   ('Book030', 'Cust030', 018, '2023-02-01', '2023-02-05', 500),
   ('Book031', 'Cust031', 019, '2023-02-01', '2023-02-05', 500),
   ('Book032', 'Cust032', 019, '2023-02-01', '2023-02-05', 500),
   ('Book033', 'Cust033', 020, '2023-02-01', '2023-02-05', 500),
   ('Book034', 'Cust034', 020, '2023-02-01', '2023-02-05', 500),
   ('Book035', 'Cust035', 021, '2023-02-01', '2023-02-05', 500),
   ('Book036', 'Cust036', 021, '2023-02-01', '2023-02-05', 500),
   ('Book037', 'Cust037', 022, '2023-02-01', '2023-02-05', 500),
   ('Book038', 'Cust038', 022, '2023-02-01', '2023-02-05', 500),
   ('Book039', 'Cust039', 023, '2023-02-01', '2023-02-05', 500),
   ('Book040', 'Cust040', 023, '2023-02-01', '2023-02-05', 500),
   ('Book041', 'Cust041', 024, '2023-02-01', '2023-02-05', 500),
   ('Book042', 'Cust042', 024, '2023-02-01', '2023-02-05', 500),
   ('Book043', 'Cust043', 025, '2023-02-01', '2023-02-05', 500),
   ('Book044', 'Cust044', 025, '2023-02-01', '2023-02-05', 500),
   ('Book045', 'Cust045', 026, '2023-02-10', '2023-02-15', 500),
   ('Book046', 'Cust046', 026, '2023-02-10', '2023-02-15', 500),
   ('Book047', 'Cust047', 027, '2023-02-10', '2023-02-15', 500),
   ('Book048', 'Cust048', 027, '2023-02-10', '2023-02-15', 500),
   ('Book049', 'Cust049', 028, '2023-02-10', '2023-02-15', 500),
   ('Book050', 'Cust050', 028, '2023-02-10', '2023-02-15', 500),
   ('Book051', 'Cust051', 029, '2023-02-10', '2023-02-15', 500),
   ('Book052', 'Cust052', 029, '2023-02-10', '2023-02-15', 500),
   ('Book053', 'Cust053', 031, '2023-02-10', '2023-02-15', 500),
   ('Book054', 'Cust054', 031, '2023-02-17', '2023-02-22', 500),
   ('Book055', 'Cust055', 032, '2023-02-17', '2023-02-22', 500),
   ('Book056', 'Cust056', 032, '2023-02-17', '2023-02-22', 500),
   ('Book057', 'Cust057', 033, '2023-02-17', '2023-02-22', 500),
   ('Book058', 'Cust058', 033, '2023-02-17', '2023-02-22', 500),
   ('Book059', 'Cust059', 034, '2023-02-17', '2023-02-22', 500),
   ('Book060', 'Cust060', 034, '2023-02-17', '2023-02-22', 500),
   ('Book061', 'Cust061', 037, '2023-02-17', '2023-02-22', 500),
   ('Book062', 'Cust062', 037, '2023-02-17', '2023-02-22', 500),
   ('Book063', 'Cust063', 038, '2023-02-17', '2023-02-22', 500),
   ('Book064', 'Cust064', 038, '2023-02-17', '2023-02-22', 500),
   ('Book065', 'Cust065', 039, '2023-02-25', '2023-02-28', 300),
   ('Book066', 'Cust066', 039, '2023-02-25', '2023-02-28', 300),
   ('Book067', 'Cust067', 042, '2023-02-25', '2023-02-28', 300),
   ('Book068', 'Cust068', 042, '2023-02-25', '2023-02-28', 300),
   ('Book069', 'Cust069', 043, '2023-02-25', '2023-02-28', 300),
   ('Book070', 'Cust070', 043, '2023-02-25', '2023-02-28', 300),
   ('Book071', 'Cust071', 044, '2023-02-25', '2023-02-28', 300),
   ('Book072', 'Cust072', 044, '2023-02-25', '2023-02-28', 300),
   ('Book073', 'Cust073', 045, '2023-02-25', '2023-02-28', 300),
   ('Book074', 'Cust074', 045, '2023-02-25', '2023-02-28', 300),
   ('Book075', 'Cust075', 046, '2023-03-01', '2023-03-15', 1500),
   ('Book076', 'Cust076', 046, '2023-03-01', '2023-03-15', 1500),
   ('Book077', 'Cust077', 047, '2023-03-01', '2023-03-15', 1500),
   ('Book078', 'Cust078', 047, '2023-03-01', '2023-03-15', 1500),
   ('Book079', 'Cust079', 048, '2023-03-01', '2023-03-15', 1500),
   ('Book080', 'Cust080', 048, '2023-03-01', '2023-03-15', 1500),
   ('Book081', 'Cust081', 049, '2023-03-01', '2023-03-30', 3000),
   ('Book082', 'Cust082', 049, '2023-03-01', '2023-03-30', 3000),
   ('Book083', 'Cust083', 050, '2023-03-01', '2023-03-30', 3000),
   ('Book084', 'Cust084', 050, '2023-03-01', '2023-03-30', 3000),
   ('Book085', 'Cust085', 051, '2023-03-01', '2023-03-30', 3000),
   ('Book086', 'Cust086', 051, '2023-03-01', '2023-03-30', 3000),
   ('Book087', 'Cust087', 052, '2023-03-01', '2023-03-30', 3000),
   ('Book088', 'Cust088', 052, '2023-03-01', '2023-03-30', 3000),
   ('Book089', 'Cust089', 053, '2023-03-01', '2023-03-30', 3000),
   ('Book090', 'Cust090', 053, '2023-04-01', '2023-04-10', 1000),
   ('Book091', 'Cust091', 054, '2023-04-01', '2023-04-10', 1000),
   ('Book092', 'Cust092', 054, '2023-04-01', '2023-04-10', 1000),
   ('Book093', 'Cust093', 055, '2023-04-01', '2023-04-10', 1000),
   ('Book094', 'Cust094', 055, '2023-04-01', '2023-04-10', 1000),
   ('Book095', 'Cust095', 056, '2023-04-01', '2023-04-10', 1000),
   ('Book096', 'Cust096', 056, '2023-04-01', '2023-04-10', 1000),
   ('Book097', 'Cust097', 057, '2023-04-01', '2023-04-10', 1000),
   ('Book098', 'Cust098', 057, '2023-04-01', '2023-04-10', 1000),
   ('Book099', 'Cust099', 058, '2023-04-01', '2023-04-10', 1000),
   ('Book100', 'Cust100', 058, '2023-04-01', '2023-04-10', 1000),
   ('Book101', 'Cust101', 059, '2023-04-01', '2023-04-10', 1000),
   ('Book102', 'Cust102', 059, '2023-04-01', '2023-04-10', 1000),
   ('Book103', 'Cust103', 061, '2023-04-01', '2023-04-10', 1000),
   ('Book104', 'Cust104', 061, '2023-04-01', '2023-04-10', 1000),
   ('Book105', 'Cust105', 062, '2023-04-01', '2023-04-10', 1000),
   ('Book106', 'Cust106', 062, '2023-04-01', '2023-04-10', 1000),
   ('Book107', 'Cust107', 063, '2023-04-01', '2023-04-10', 1000),
   ('Book108', 'Cust108', 063, '2023-04-01', '2023-04-10', 1000),
   ('Book109', 'Cust109', 064, '2023-04-15', '2023-05-15', 3000),
   ('Book110', 'Cust110', 064, '2023-04-15', '2023-05-15', 3000),
   ('Book111', 'Cust111', 065, '2023-04-15', '2023-05-15', 3000),
   ('Book112', 'Cust112', 065, '2023-04-15', '2023-05-15', 3000),
   ('Book113', 'Cust113', 066, '2023-04-15', '2023-05-15', 3000),
   ('Book114', 'Cust114', 066, '2023-04-15', '2023-05-15', 3000),
   ('Book115', 'Cust115', 067, '2023-04-15', '2023-05-15', 3000),
   ('Book116', 'Cust116', 067, '2023-04-15', '2023-05-15', 3000),
   ('Book117', 'Cust117', 068, '2023-04-15', '2023-05-15', 3000),
   ('Book118', 'Cust118', 068, '2023-04-15', '2023-05-15', 3000),
   ('Book119', 'Cust119', 069, '2023-04-15', '2023-05-15', 3000),
   ('Book120', 'Cust120', 069, '2023-04-15', '2023-05-15', 3000),
   ('Book121', 'Cust121', 070, '2023-05-20', '2023-05-27', 700),
   ('Book122', 'Cust122', 070, '2023-05-20', '2023-05-27', 700),
   ('Book123', 'Cust123', 071, '2023-05-20', '2023-05-27', 700),
   ('Book124', 'Cust124', 071, '2023-05-20', '2023-05-27', 700),
   ('Book125', 'Cust125', 072, '2023-05-20', '2023-05-27', 700),
   ('Book126', 'Cust126', 072, '2023-05-20', '2023-05-27', 700),
   ('Book127', 'Cust127', 073, '2023-05-20', '2023-05-27', 700),
   ('Book128', 'Cust128', 073, '2023-05-20', '2023-05-27', 700),
   ('Book129', 'Cust129', 074, '2023-05-20', '2023-05-27', 700),
   ('Book130', 'Cust130', 074, '2023-05-20', '2023-05-27', 700),
   ('Book131', 'Cust131', 075, '2023-05-20', '2023-05-27', 700),
   ('Book132', 'Cust132', 075, '2023-05-20', '2023-05-27', 700),
   ('Book133', 'Cust133', 076, '2023-06-01', '2023-06-15', 3000),
   ('Book134', 'Cust134', 077, '2023-06-01', '2023-06-15', 3000),
   ('Book135', 'Cust135', 078, '2023-06-01', '2023-06-15', 3000),
   ('Book136', 'Cust136', 078, '2023-06-01', '2023-06-15', 3000),
   ('Book137', 'Cust137', 079, '2023-06-01', '2023-06-15', 3000),
   ('Book138', 'Cust138', 079, '2023-06-01', '2023-06-15', 3000),
   ('Book139', 'Cust139', 080, '2023-06-01', '2023-06-15', 3000),
   ('Book140', 'Cust140', 080, '2023-06-01', '2023-06-15', 3000),
   ('Book141', 'Cust141', 081, '2023-06-01', '2023-06-15', 3000),
   ('Book142', 'Cust142', 081, '2023-06-01', '2023-06-15', 3000),
   ('Book143', 'Cust143', 082, '2023-06-01', '2023-06-15', 3000),
   ('Book144', 'Cust144', 082, '2023-06-01', '2023-06-15', 3000),
   ('Book145', 'Cust145', 083, '2023-06-01', '2023-06-15', 3000),
   ('Book146', 'Cust146', 083, '2023-06-01', '2023-06-15', 3000),
   ('Book147', 'Cust147', 084, '2023-06-01', '2023-06-15', 3000),
   ('Book148', 'Cust148', 084, '2023-06-01', '2023-06-15', 3000),
   ('Book149', 'Cust149', 084, '2023-06-01', '2023-06-15', 3000),
   ('Book150', 'Cust150', 086, '2023-06-01', '2023-06-15', 3000),
   ('Book151', 'Cust151', 087, '2023-06-01', '2023-06-15', 3000),
   ('Book152', 'Cust152', 087, '2023-06-01', '2023-06-15', 3000),
   ('Book153', 'Cust153', 088, '2023-06-01', '2023-06-15', 3000),
   ('Book154', 'Cust154', 088, '2023-06-01', '2023-06-15', 3000),
   ('Book155', 'Cust155', 089, '2023-06-01', '2023-06-15', 3000),
   ('Book156', 'Cust156', 089, '2023-06-01', '2023-06-15', 3000),
   ('Book157', 'Cust157', 091, '2023-06-01', '2023-06-15', 3000),
   ('Book158', 'Cust158', 091, '2023-06-20', '2023-06-30', 2000),
   ('Book159', 'Cust159', 091, '2023-06-20', '2023-06-30', 2000),
   ('Book160', 'Cust160', 092, '2023-06-20', '2023-06-30', 2000),
   ('Book161', 'Cust161', 092 , '2023-06-20', '2023-06-30',2000),
   ('Book162', 'Cust162', 093, '2023-06-20', '2023-06-30', 2000),
   ('Book163', 'Cust163', 093, '2023-06-20', '2023-06-30', 2000),
   ('Book164', 'Cust164', 094, '2023-06-20', '2023-06-30', 2000),
   ('Book165', 'Cust165', 094, '2023-06-20', '2023-06-30', 2000),
   ('Book166', 'Cust166', 095, '2023-06-20', '2023-06-30', 2000),
   ('Book167', 'Cust167', 095, '2023-07-01', '2023-08-01', 6000),
   ('Book168', 'Cust168', 096, '2023-07-01', '2023-08-01', 6000),
   ('Book169', 'Cust169', 096, '2023-07-01', '2023-08-01', 6000),
   ('Book170', 'Cust170', 097, '2023-07-01', '2023-08-01', 6000),
   ('Book171', 'Cust171', 097, '2023-07-01', '2023-08-01', 6000),
   ('Book172', 'Cust172', 098, '2023-07-01', '2023-08-01', 6000),
   ('Book173', 'Cust173', 098, '2023-07-01', '2023-08-01', 6000),
   ('Book174', 'Cust174', 098, '2023-07-01', '2023-08-01', 6000),
   ('Book175', 'Cust175', 099, '2023-08-20', '2023-10-20', 12000),
   ('Book176', 'Cust176', 099, '2023-08-20', '2023-10-20', 12000),
   ('Book177', 'Cust177', 100, '2023-08-20', '2023-10-20', 12000),
   ('Book178', 'Cust178', 100, '2023-08-20', '2023-10-20', 12000),
   ('Book179', 'Cust179', 101, '2023-08-20', '2023-10-20', 24000),
   ('Book180', 'Cust180', 101, '2023-08-20', '2023-10-20', 24000),
   ('Book181', 'Cust181', 102, '2023-10-10', '2023-11-20', 16000),
   ('Book182', 'Cust182', 102, '2023-10-10', '2023-11-20', 16000),
   ('Book183', 'Cust183', 103, '2023-10-10', '2023-11-20', 16000),
   ('Book184', 'Cust184', 103, '2023-11-05', '2023-11-20', 6000),
   ('Book185', 'Cust185', 104, '2023-11-05', '2023-11-20', 6000),
   ('Book186', 'Cust186', 104, '2023-11-05', '2023-11-20', 6000),
   ('Book187', 'Cust187', 105, '2023-11-05', '2023-11-20', 6000),
   ('Book188', 'Cust188', 105, '2023-11-05', '2023-11-20', 6000),
   ('Book189', 'Cust189', 106, '2023-11-05', '2023-11-20', 6000),
   ('Book190', 'Cust190', 106, '2023-11-05', '2023-11-20', 6000),
   ('Book191', 'Cust191', 107, '2023-11-15', '2023-11-30', 6000),
   ('Book192', 'Cust192', 107, '2023-11-15', '2023-11-30', 6000),
   ('Book193', 'Cust193', 108, '2023-11-15', '2023-11-30', 6000),
   ('Book194', 'Cust194', 108, '2023-11-15', '2023-11-30', 6000),
   ('Book195', 'Cust195', 109, '2023-11-15', '2023-11-30', 6000),
   ('Book196', 'Cust196', 109, '2023-11-15', '2023-11-30', 6000),
   ('Book197', 'Cust197', 110, '2023-12-10', '2023-12-30', 8000),
   ('Book198', 'Cust198', 110, '2023-12-10', '2023-12-30', 8000),
   ('Book199', 'Cust199', 111, '2023-12-10', '2023-12-30', 8000),
   ('Book200', 'Cust200', 111, '2023-12-10', '2023-12-30', 8000);


Insert Into Payment(PaymentID,Pay_BookingID,Payment_Amount,Payment_Date,Payment_Method)
VALUES
('Pay001', 'Book001', 500, '2023-01-01', 'Credit Card'),
('Pay002', 'Book002', 500, '2023-01-01', 'Credit Card'),
('Pay003', 'Book003', 500, '2023-01-01', 'Cash'),
('Pay004', 'Book004', 500, '2023-01-01', 'Credit Card'),
('Pay005', 'Book005', 500, '2023-01-01', 'Cash'),
('Pay006', 'Book006', 500, '2023-01-01', 'Credit Card'),
('Pay007', 'Book007', 500, '2023-01-01', 'Credit Card'),
('Pay008', 'Book008', 500, '2023-01-01', 'Credit Card'),
('Pay009', 'Book009', 500, '2023-01-01', 'Credit Card'),
('Pay010', 'Book010', 500, '2023-01-01', 'Credit Card'),
('Pay011', 'Book011', 500, '2023-01-01', 'Cash'),
('Pay012', 'Book012', 500, '2023-01-01', 'Credit Card'),
('Pay013', 'Book013', 500, '2023-01-01', 'Credit Card'),
('Pay014', 'Book014', 500, '2023-01-01', 'Credit Card'),
('Pay015', 'Book015', 500, '2023-01-01', 'Cash'),
('Pay016', 'Book016', 500, '2023-01-01', 'Credit Card'),
('Pay017', 'Book017', 500, '2023-01-01', 'Credit Card'),
('Pay018', 'Book018', 500, '2023-01-01', 'Credit Card'),
('Pay019', 'Book019', 500, '2023-01-01', 'Credit Card'),
('Pay020', 'Book020', 500, '2023-01-01', 'Credit Card'),
('Pay021', 'Book021', 500, '2023-01-01', 'Credit Card'),
('Pay022', 'Book022', 500, '2023-01-01', 'Credit Card'),
('Pay023', 'Book023', 500, '2023-01-01', 'Cash'),
('Pay024', 'Book024', 500, '2023-01-01', 'Cash'),
('Pay025', 'Book025', 500, '2023-02-01', 'Credit Card'),
('Pay026', 'Book026', 500, '2023-02-01', 'Credit Card'),
('Pay027', 'Book027', 500, '2023-02-01', 'Credit Card'),
('Pay028', 'Book028', 500, '2023-02-01', 'Credit Card'),
('Pay029', 'Book029', 500, '2023-02-01', 'Credit Card'),
('Pay030', 'Book030', 500, '2023-02-01', 'Credit Card'),
('Pay031', 'Book031', 500, '2023-02-01', 'Credit Card'),
('Pay032', 'Book032', 500, '2023-02-01', 'Credit Card'),
('Pay033', 'Book033', 500, '2023-02-01', 'Credit Card'),
('Pay034', 'Book034', 500, '2023-02-01', 'Credit Card'),
('Pay035', 'Book035', 500, '2023-02-01', 'Credit Card'),
('Pay036', 'Book036', 500, '2023-02-01', 'Credit Card'),
('Pay037', 'Book037', 500, '2023-02-01', 'Cash'),
('Pay038', 'Book038', 500, '2023-02-01', 'Credit Card'),
('Pay039', 'Book039', 500, '2023-02-01', 'Credit Card'),
('Pay040', 'Book040', 500, '2023-02-01', 'Credit Card'),
('Pay041', 'Book041', 500, '2023-02-01', 'Credit Card'),
('Pay042', 'Book042', 500, '2023-02-01', 'Cash'),
('Pay043', 'Book043', 500, '2023-02-01', 'Credit Card'),
('Pay044', 'Book044', 500, '2023-02-01', 'Credit Card'),
('Pay045', 'Book045', 500, '2023-02-10', 'Credit Card'),
('Pay046', 'Book046', 500, '2023-02-10', 'Credit Card'),
('Pay047', 'Book047', 500, '2023-02-10', 'Credit Card'),
('Pay048', 'Book048', 500, '2023-02-10', 'Credit Card'),
('Pay049', 'Book049', 500, '2023-02-10', 'Credit Card'),
('Pay050', 'Book050', 500, '2023-02-10', 'Credit Card'),
('Pay051', 'Book051', 500, '2023-02-10', 'Credit Card'),
('Pay052', 'Book052', 500, '2023-02-10', 'Credit Card'),
('Pay053', 'Book053', 500, '2023-02-10', 'Credit Card'),
('Pay054', 'Book054', 500, '2023-02-17', 'Credit Card'),
('Pay055', 'Book055', 500, '2023-02-17', 'Credit Card'),
('Pay056', 'Book056', 500, '2023-02-17', 'Cash'),
('Pay057', 'Book057', 500, '2023-02-17', 'Cash'),
('Pay058', 'Book058', 500, '2023-02-17', 'Cash'),
('Pay059', 'Book059', 500, '2023-02-17', 'Credit Card'),
('Pay060', 'Book060', 500, '2023-02-17', 'Credit Card'),
('Pay061', 'Book061', 500, '2023-02-17', 'Credit Card'),
('Pay062', 'Book062', 500, '2023-02-17', 'Cash'),
('Pay063', 'Book063', 500, '2023-02-17', 'Credit Card'),
('Pay064', 'Book064', 500, '2023-02-17', 'Credit Card'),
('Pay065', 'Book065', 500, '2023-02-25', 'Credit Card'),
('Pay066', 'Book066', 300, '2023-02-25', 'Credit Card'),
('Pay067', 'Book067', 300, '2023-02-25', 'Credit Card'),
('Pay068', 'Book068', 300, '2023-02-25', 'Credit Card'),
('Pay069', 'Book069', 300, '2023-02-25', 'Credit Card'),
('Pay070', 'Book070', 300, '2023-02-25', 'Cash'),
('Pay071', 'Book071', 300, '2023-02-25', 'Credit Card'),
('Pay072', 'Book072', 300, '2023-02-25', 'Credit Card'),
('Pay073', 'Book073', 300, '2023-02-25', 'Credit Card'),
('Pay074', 'Book074', 300, '2023-02-25', 'Credit Card'),
('Pay075', 'Book075', 1500, '2023-03-01', 'Cash'),
('Pay076', 'Book076', 1500, '2023-03-01', 'Cash'),
('Pay077', 'Book077', 1500, '2023-03-01', 'Credit Card'),
('Pay078', 'Book078', 1500, '2023-03-01', 'Credit Card'),
('Pay079', 'Book079', 1500, '2023-03-01', 'Credit Card'),
('Pay080', 'Book080', 1500, '2023-03-01', 'Credit Card'),
('Pay081', 'Book081', 3000, '2023-03-01', 'Credit Card'),
('Pay082', 'Book082', 3000, '2023-03-01', 'Credit Card'),
('Pay083', 'Book083', 3000, '2023-03-01', 'Cash'),
('Pay084', 'Book084', 3000, '2023-03-01', 'Credit Card'),
('Pay085', 'Book085', 3000, '2023-03-01', 'Credit Card'),
('Pay086', 'Book086', 3000, '2023-03-01', 'Cash'),
('Pay087', 'Book087', 3000, '2023-03-01', 'Credit Card'),
('Pay088', 'Book088', 3000, '2023-03-01', 'Credit Card'),
('Pay089', 'Book089', 3000, '2023-03-01', 'Credit Card'),
('Pay090', 'Book090', 1000, '2023-04-01', 'Credit Card'),
('Pay091', 'Book091', 1000, '2023-04-01', 'Credit Card'),
('Pay092', 'Book092', 1000, '2023-04-01', 'Cash'),
('Pay093', 'Book093', 1000, '2023-04-01', 'Credit Card'),
('Pay094', 'Book094', 1000, '2023-04-01', 'Credit Card'),
('Pay095', 'Book095', 1000, '2023-04-01', 'Credit Card'),
('Pay096', 'Book096', 1000, '2023-04-01', 'Credit Card'),
('Pay097', 'Book097', 1000, '2023-04-01', 'Cash'),
('Pay098', 'Book098', 1000, '2023-04-01', 'Cash'),
('Pay099', 'Book099', 1000, '2023-04-01', 'Cash'),
('Pay100', 'Book100', 1000, '2023-04-01', 'Credit Card'),
('Pay101', 'Book101', 1000, '2023-04-01', 'Credit Card'),
('Pay102', 'Book102', 1000, '2023-04-01', 'Cash'),
('Pay103', 'Book103', 1000, '2023-04-01', 'Credit Card'),
('Pay104', 'Book104', 1000, '2023-04-01', 'Cash'),
('Pay105', 'Book105', 1000, '2023-04-01', 'Cash'),
('Pay106', 'Book106', 1000, '2023-04-01', 'Credit Card'),
('Pay107', 'Book107', 1000, '2023-04-01', 'Credit Card'),
('Pay108', 'Book108', 1000, '2023-04-01', 'Credit Card'),
('Pay109', 'Book109', 3000, '2023-04-15', 'Cash'),
('Pay110', 'Book110', 3000, '2023-04-15', 'Credit Card'),
('Pay111', 'Book111', 3000, '2023-04-15', 'Credit Card'),
('Pay112', 'Book112', 3000, '2023-04-15', 'Cash'),
('Pay113', 'Book113', 3000, '2023-04-15', 'Credit Card'),
('Pay114', 'Book114', 3000, '2023-04-15', 'Credit Card'),
('Pay115', 'Book115', 3000, '2023-04-15', 'Cash'),
('Pay116', 'Book116', 3000, '2023-04-15', 'Credit Card'),
('Pay117', 'Book117', 3000, '2023-04-15', 'Credit Card'),
('Pay118', 'Book118', 3000, '2023-04-15', 'Cash'),
('Pay119', 'Book119', 3000, '2023-04-15', 'Credit Card'),
('Pay120', 'Book120', 3000, '2023-04-15', 'Credit Card'),
('Pay121', 'Book121', 700, '2023-05-20', 'Credit Card'),
('Pay122', 'Book122', 700, '2023-05-20', 'Credit Card'),
('Pay123', 'Book123', 700, '2023-05-20', 'Credit Card'),
('Pay124', 'Book124', 700, '2023-05-20', 'Credit Card'),
('Pay125', 'Book125', 700, '2023-05-20', 'Credit Card'),
('Pay126', 'Book126', 700, '2023-05-20', 'Credit Card'),
('Pay127', 'Book127', 700, '2023-05-20', 'Credit Card'),
('Pay128', 'Book128', 700, '2023-05-20', 'Credit Card'),
('Pay129', 'Book129', 700, '2023-05-20', 'Credit Card'),
('Pay130', 'Book130', 700, '2023-05-20', 'Credit Card'),
('Pay131', 'Book131', 700, '2023-05-20', 'Credit Card'),
('Pay132', 'Book132', 700, '2023-05-20', 'Credit Card'),
('Pay133', 'Book133', 3000, '2023-06-01', 'Credit Card'),
('Pay134', 'Book134', 3000, '2023-06-01', 'Credit Card'),
('Pay135', 'Book135', 3000, '2023-06-01', 'Credit Card'),
('Pay136', 'Book136', 3000, '2023-06-01', 'Credit Card'),
('Pay137', 'Book137', 3000, '2023-06-01', 'Credit Card'),
('Pay138', 'Book138', 3000, '2023-06-01', 'Credit Card'),
('Pay139', 'Book139', 3000, '2023-06-01', 'Credit Card'),
('Pay140', 'Book140', 3000, '2023-06-01', 'Credit Card'),
('Pay141', 'Book141', 3000, '2023-06-01', 'Cash'),
('Pay142', 'Book142', 3000, '2023-06-01', 'Credit Card'),
('Pay143', 'Book143', 3000, '2023-06-01', 'Credit Card'),
('Pay144', 'Book144', 3000, '2023-06-01', 'Credit Card'),
('Pay145', 'Book145', 3000, '2023-06-01', 'Cash'),
('Pay146', 'Book146', 3000, '2023-06-01', 'Credit Card'),
('Pay147', 'Book147', 3000, '2023-06-01', 'Credit Card'),
('Pay148', 'Book148', 3000, '2023-06-01', 'Cash'),
('Pay149', 'Book149', 3000, '2023-06-01', 'Cash'),
('Pay150', 'Book150', 3000, '2023-06-01', 'Credit Card'),
('Pay151', 'Book151', 3000, '2023-06-01', 'Credit Card'),
('Pay152', 'Book152', 3000, '2023-06-01', 'Credit Card'),
('Pay153', 'Book153', 3000, '2023-06-01', 'Cash'),
('Pay154', 'Book154', 3000, '2023-06-01', 'Credit Card'),
('Pay155', 'Book155', 3000, '2023-06-01', 'Credit Card'),
('Pay156', 'Book156', 3000, '2023-06-01', 'Credit Card'),
('Pay157', 'Book157', 3000, '2023-06-01', 'Cash'),
('Pay158', 'Book158', 2000, '2023-06-20', 'Credit Card'),
('Pay159', 'Book159', 2000, '2023-06-20', 'Credit Card'),
('Pay160', 'Book160', 2000, '2023-06-20', 'Credit Card'),
('Pay161', 'Book161', 2000, '2023-06-20', 'Cash'),
('Pay162', 'Book162', 2000, '2023-06-20', 'Credit Card'),
('Pay163', 'Book163', 2000, '2023-06-20', 'Credit Card'),
('Pay164', 'Book164', 2000, '2023-06-20', 'Credit Card'),
('Pay165', 'Book165', 2000, '2023-06-20', 'Credit Card'),
('Pay166', 'Book166', 2000, '2023-06-20', 'Credit Card'),
('Pay167', 'Book167', 6000, '2023-07-01', 'Credit Card'),
('Pay168', 'Book168', 6000, '2023-07-01', 'Credit Card'),
('Pay169', 'Book169', 6000, '2023-07-01', 'Credit Card'),
('Pay170', 'Book170', 6000, '2023-07-01', 'Cash'),
('Pay171', 'Book171', 6000, '2023-07-01', 'Credit Card'),
('Pay172', 'Book172', 6000, '2023-07-01', 'Credit Card'),
('Pay173', 'Book173', 6000, '2023-07-01', 'Credit Card'),
('Pay174', 'Book174', 6000, '2023-07-01', 'Credit Card'),
('Pay175', 'Book175', 12000, '2023-08-20', 'Credit Card'),
('Pay176', 'Book176', 12000, '2023-08-20', 'Credit Card'),
('Pay177', 'Book177', 12000, '2023-08-20', 'Credit Card'),
('Pay178', 'Book178', 12000, '2023-08-20', 'Credit Card'),
('Pay179', 'Book179', 24000, '2023-08-20', 'Credit Card'),
('Pay180', 'Book180', 24000, '2023-08-20', 'Cash'),
('Pay181', 'Book181', 16000, '2023-10-10', 'Cash'),
('Pay182', 'Book182', 16000, '2023-10-10', 'Credit Card'),
('Pay183', 'Book183', 16000, '2023-10-10', 'Credit Card'),
('Pay184', 'Book184', 6000, '2023-11-05', 'Credit Card'),
('Pay185', 'Book185', 6000, '2023-11-05', 'Cash'),
('Pay186', 'Book186', 6000, '2023-11-05', 'Credit Card'),
('Pay187', 'Book187', 6000, '2023-11-05', 'Credit Card'),
('Pay188', 'Book188', 6000, '2023-11-05', 'Cash'),
('Pay189', 'Book189', 6000, '2023-11-05', 'Credit Card'),
('Pay190', 'Book190', 6000, '2023-11-05', 'Cash'),
('Pay191', 'Book191', 6000, '2023-11-15', 'Credit Card'),
('Pay192', 'Book192', 6000, '2023-11-15', 'Credit Card'),
('Pay193', 'Book193', 6000, '2023-11-15', 'Credit Card'),
('Pay194', 'Book194', 6000, '2023-11-15', 'Credit Card'),
('Pay195', 'Book195', 6000, '2023-11-15', 'Credit Card'),
('Pay196', 'Book196', 6000, '2023-11-15', 'Credit Card'),
('Pay197', 'Book197', 8000, '2023-12-10', 'Cash'),
('Pay198', 'Book198', 8000, '2023-12-10', 'Cash'),
('Pay199', 'Book199', 8000, '2023-12-10', 'Credit Card'),
('Pay200', 'Book200', 8000, '2023-12-10', 'Cash');

Insert Into Employee (Emp_ID,E_Hotel_ID,FName,LName,BDate,Sex,Address,Phone,Email,Role,Work_Hours,Salary)
VALUES
('Emp01',1,'Emin','Kaya','2000-01-10','M','Peribacalarý Mah., Kapadokya Cad. No:23, Avanos, Nevþehir','+90 553 012 2150','eminkaya@example.com','Room Service','07:00-15:00',1800),
('Emp02',1, 'Emine', 'Keser', '1998-03-22', 'F', 'Göreme Kasabasý, Ürgüp Yolu No:45, Göreme, Nevþehir', '+90 553 777 7767', 'eminekeser@example.com','Room Service','07:00-15:00', 1800),
('Emp03',1, 'Yunus', 'Ekici', '1990-08-15', 'M', 'Mustafapaþa Mah., Ortahisar Cad. No:12, Ürgüp, Nevþehir', '+90 553 999 8943', 'yunusekici@example.com', 'Room Service','07:00-15:00', 1800),
('Emp04',1, 'Aslý', 'Yýlar', '1993-05-18', 'F', 'Acýgöl Kasabasý, Kayseri Yolu No:34, Acýgöl, Nevþehir', '+90 553 740 7810', 'aslýyýlar@example.com', 'Room Service','07:00-15:00', 1800),
('Emp05',1, 'Sungur', 'Öztürk', '1991-12-05', 'M', 'Hacýbektaþ Mah., Hacýbektaþ Cad. No:56, Hacýbektaþ, Nevþehir', '+90 553 351 2843', 'sungur.ozturk@example.com', 'Room Service','07:00-15:00', 1800),
('Emp06',1, 'Aslýhan', 'Ersoy', '1994-07-28', 'F', 'Çavuþin Köyü, Göreme Cad. No:78, Çavuþin, Nevþehir', '+90 553 428 7296', 'aslihan.ersoy@example.com', 'Room Service','15:00-23:00', 1700),
('Emp07',1, 'Tuðkan', 'Sivri', '1989-04-15', 'M', 'Kozaklý Beldesi, Avanos Yolu No:90, Kozaklý, Nevþehir', '+90 553 320 1607', 'tugkansivri@example.com', 'Room Service','15:00-23:00', 1700),
('Emp08',1, 'Elfida', 'Koyun', '1992-09-20', 'F', 'Peribacalarý Mah., Kapadokya Cad. No:23, Avanos, Nevþehir', '+90 542 575 9299', 'elfidakoyun@example.com', 'Room Service','15:00-23:00', 1700),
('Emp09',1, 'Hasan', 'Özkan', '1996-06-10', 'M', 'Göreme Kasabasý, Kýzýlca Yolu No:25, Göreme, Nevþehir', '+90 532 090 8468', 'hasan.ozkan@example.com', 'Room Service','15:00-23:00', 1700),
('Emp10',1, 'Selma', 'Yýldýz', '1998-02-25', 'F', 'Mustafapaþa Mah., Ortahisar Cad. No:69, Ürgüp, Nevþehir', '+90 533 444 5555', 'selma.yildiz@example.com', 'Room Service','23:00-07:00', 1900),
('Emp11',1, 'Ogün', 'Koç', '1997-11-30', 'M', 'Acýgöl Kasabasý, Aksaray Yolu No:30, Acýgöl, Nevþehir', '+90 534 661 1657', 'ogun.koc@example.com', 'Room Service','23:00-07:00',1900),
('Emp12', 1, 'Ali', 'Çalýþan', '1994-06-18', 'M', 'Ürgüp Kasabasý, Göreme Yolu No 77, Ürgüp, Nevþehir', '+90 532 116 4567', 'ali.calisan@example.com', 'Receptionist','07:00-15:00',  2000),
('Emp13', 1, 'Meryem', 'Avcý', '1993-09-05', 'F', 'Avanos Mah., Kapadokya Cad. No:56, Avanos, Nevþehir', '+90 532 115 6543', 'meryem.avci@example.com', 'Receptionist','07:00-15:00', 2000),
('Emp14', 1, 'Cem', 'Kurtulmuþ', '1991-12-12', 'M', 'Göreme Köyü, Ürgüp Yolu No:34, Göreme, Nevþehir', '+90 532 004 7890', 'cem.kurtulmus@example.com', 'Receptionist','07:00-15:00', 2000),
('Emp15', 1, 'Esra', 'Gökyurt', '1990-03-20', 'F', 'Acýgöl Mah., Kayseri Yolu No:45, Acýgöl, Nevþehir', '+90 532 025 6677', 'esra.gokyurt@example.com', 'Receptionist','07:00-15:00', 2000),
('Emp16', 1, 'Barýþ', 'Günaydýn', '1996-02-15', 'M', 'Ürgüp Kasabasý, Kapadokya Cad. No:78, Ürgüp, Nevþehir', '+90 532 005 7788', 'baris.gunaydin@example.com', 'Receptionist','15:00-23:00', 2200),
('Emp17', 1, 'Selin', 'Karakýþ', '1992-11-08', 'F', 'Avanos Mah., Aksaray Yolu No:90, Avanos, Nevþehir', '+90 532 006 9999', 'selin.karakýs@example.com', 'Receptionist','15:00-23:00', 2200),
('Emp18', 1, 'Umut', 'Erden', '1989-08-25', 'M', 'Göreme Köyü, Göreme Cad. No:23, Göreme, Nevþehir', '+90 532 008 2233', 'umut.erden@example.com', 'Receptionist','15:00-23:00', 2200),
('Emp19', 1, 'Deniz', 'Büyük', '1995-05-10', 'F', 'Acýgöl Mah., Kýzýlca Yolu No:67, Acýgöl, Nevþehir', '+90 532 007 1212', 'deniz.buyuk@example.com', 'Receptionist','15:00-23:00', 2200),
('Emp20', 1, 'Mertcan', 'Aydýn', '1997-10-15', 'M', 'Ürgüp Kasabasý, Kapadokya Cad. No:45, Ürgüp, Nevþehir', '+90 532 001 6542', 'mertcan.aydin@example.com', 'Receptionist','23:00-07:00', 2300),
('Emp21', 1, 'Nihal', 'Taþkýn', '1998-04-22', 'F', 'Avanos Mah., Aksaray Yolu No:11, Avanos, Nevþehir', '+90 553 012 1344', 'nihal.taskin@example.com', 'Receptionist','23:00-07:00', 2300),
('Emp22', 1, 'Kuzey', 'Demiray', '1994-06-18', 'M', 'Ürgüp Kasabasý, Göreme Yolu No:57, Ürgüp, Nevþehir', '+90 530 023 1267', 'kuzey.demiray@example.com', 'Housekeeping','07:00-15:00', 1600),
('Emp23', 1, 'Feride', 'Þadoðlu', '1993-09-05', 'F', 'Avanos Mah., Kapadokya Cad. No:31, Avanos, Nevþehir', '+90 530 105 6233', 'feride.sadoglu@example.com', 'Housekeeping','07:00-15:00',1600),
('Emp24', 1, 'Behzat', 'Ç.', '1991-12-12', 'M', 'Göreme Köyü, Ürgüp Yolu No:84, Göreme, Nevþehir', '+90 530 114 7881', 'behzat.c@example.com', 'Housekeeping','07:00-15:00', 1600),
('Emp25', 1, 'Bihter', 'Ziyagil', '1990-03-20', 'F', 'Acýgöl Mah., Kayseri Yolu No:53, Acýgöl, Nevþehir', '+90 530 925 0677', 'bihter.ziyagil@example.com', 'Housekeeping','07:00-15:00', 1600),
('Emp26', 1, 'Cesur', 'Alemdaroðlu', '1996-02-15', 'M', 'Ürgüp Kasabasý, Kapadokya Cad. No:91, Ürgüp, Nevþehir', '+90 530 117 8483', 'cesur.alemdaroglu@example.com', 'Housekeeping','15:00-23:00', 1700),
('Emp27', 1, 'Elif', 'Denizer', '1992-11-08', 'F', 'Avanos Mah., Aksaray Yolu No:25, Avanos, Nevþehir', '+90 532 207 9119', 'elif.denizer@example.com', 'Housekeeping','15:00-23:00', 1700),
('Emp28', 1, 'Metin', 'Erlik', '1989-08-25', 'M', 'Göreme Köyü, Göreme Cad. No:35, Göreme, Nevþehir', '+90 530 028 2433', 'metin.erlik@example.com', 'Housekeeping','15:00-23:00', 1700),
('Emp29', 1, 'Zahide', 'Özcan', '1995-05-10', 'F', 'Acýgöl Mah., Kýzýlca Yolu No:17, Acýgöl, Nevþehir', '+90 532 697 1212', 'zahide.ozcan@example.com', 'Housekeeping','15:00-23:00', 1700),
('Emp30', 1, 'Sarp', 'Levent', '1997-10-15', 'M', 'Ürgüp Kasabasý, Kapadokya Cad. No:15, Ürgüp, Nevþehir', '+90 530 061 6042', 'sarp.levent@example.com', 'Housekeeping','23:00-07:00', 1800),
('Emp31', 1, 'Narin', 'Çaðlar', '1998-04-22', 'F', 'Avanos Mah., Aksaray Yolu No:12, Avanos, Nevþehir', '+90 532 032 0044', 'narin.caglar@example.com', 'Housekeeping','23:00-07:00', 1800),
('Emp32', 1, 'Halit', 'Ergenç', '1970-04-30', 'M', 'Ürgüp Kasabasý, Göreme Yolu No:15, Ürgüp, Nevþehir', '+90 532 123 4567', 'halit.ergenc@example.com', 'Security','07:00-15:00', 2000),
('Emp33', 1, 'Bergüzar', 'Korel', '1982-08-27', 'F', 'Avanos Mah., Kapadokya Cad. No:39, Avanos, Nevþehir', '+90 532 115 6543', 'berguzar.korel@example.com', 'Security','07:00-15:00', 2000),
('Emp34', 1, 'Cem', 'Yýlmaz', '1973-04-23', 'M', 'Göreme Köyü, Ürgüp Yolu No:54, Göreme, Nevþehir', '+90 532 004 7890', 'cem.yilmaz@example.com', 'Security','15:00-23:00', 2100),
('Emp35', 1, 'Tuba', 'Büyüküstün', '1982-07-05', 'F', 'Acýgöl Mah., Kayseri Yolu No:60, Acýgöl, Nevþehir', '+90 532 025 6677', 'tuba.buyukustun@example.com', 'Security','23:00-07:00', 2300),
('Emp36', 1, 'Cihan', 'Ünal', '1980-02-01', 'M', 'Ürgüp Kasabasý, Kapadokya Cad. No:90, Ürgüp, Nevþehir', '+90 532 005 7788', 'cihan.unal@example.com', 'Security','23:00-07:00', 2300),
('Emp37', 1, 'Ferit', 'Aslan', '1985-11-12', 'M', 'Ürgüp Kasabasý, Göreme Yolu No:86, Ürgüp, Nevþehir', '+90 532 123 4567', 'ferit.aslan@example.com', 'Chef','07:00-15:00', 2200),
('Emp38', 1, 'Nazlý', 'Erkale', '1990-06-25', 'F', 'Avanos Mah., Kapadokya Cad. No:32, Avanos, Nevþehir', '+90 532 115 6543', 'nazli.erkale@example.com', 'Chef','07:00-15:00', 2200),
('Emp39', 1, 'Arif', 'Kaleli', '1980-03-18', 'M', 'Göreme Köyü, Ürgüp Yolu No:54, Göreme, Nevþehir', '+90 532 004 7890', 'arif.kaleli@example.com', 'Chef','15:00-23:00', 2300),
('Emp40', 1, 'Leyla', 'Balkan', '1988-09-10', 'F', 'Acýgöl Mah., Kayseri Yolu No:67, Acýgöl, Nevþehir', '+90 532 025 6677', 'leyla.balkan@example.com', 'Chef','15:00-23:00', 2300),
('Emp41', 1, 'Fikret', 'Kýzýltan', '1982-04-03', 'M', 'Ürgüp Kasabasý, Kapadokya Cad. No:98, Ürgüp, Nevþehir', '+90 532 005 7788', 'fikret.kiziltan@example.com', 'Chef','23:00-07:00', 2400),
('Emp42', 1, 'Haluk', 'Güzel', '1978-08-22', 'M', 'Ürgüp Kasabasý, Göreme Yolu No:87, Ürgüp, Nevþehir', '+90 532 123 4567', 'haluk.guzel@example.com', 'F&B Manager','07:00-15:00', 3900),
('Emp43', 1, 'Aslý', 'Çinar', '1985-12-15', 'F', 'Avanos Mah., Kapadokya Cad. No:31, Avanos, Nevþehir', '+90 532 115 6543', 'asli.cinar@example.com', 'Chef Manager','23:00-07:00', 4100),
('Emp44', 1, 'Cihan', 'Göktürk', '1976-05-28', 'M', 'Göreme Köyü, Ürgüp Yolu No:51, Göreme, Nevþehir', '+90 532 004 7890', 'cihan.gokturk@example.com', 'Security Manager','15:00-23:00', 4000),
('Emp45', 1, 'Aylin', 'Kurtuluþ', '1980-10-19', 'F', 'Acýgöl Mah., Kayseri Yolu No:67, Acýgöl, Nevþehir', '+90 532 025 6677', 'aylin.kurtulus@example.com', 'H&K Manager','07:00-15:00', 3800),
('Emp46', 1, 'Ercüment', 'Büyüküstün','1974-03-04', 'M', 'Ürgüp Kasabasý, Kapadokya Cad. No:98, Ürgüp, Nevþehir', '+90 532 005 7788', 'ercument.buyukustun@example.com', 'Receptionist Manager','07:00-15:00', 4200),
('Emp47', 1, 'Bedri', 'Baykam', '1975-03-04', 'M', 'Ürgüp Kasabasý, Kapadokya Cad. No:97, Ürgüp, Nevþehir', '+90 532 015 2588', 'bedri.baykam@example.com', 'TS Manager','07:00-15:00', 5000),
('Emp48', 1, 'Melih', 'Ertaç', '1987-07-09', 'M', 'Ürgüp Kasabasý, Göreme Yolu No:87, Ürgüp, Nevþehir', '+90 532 123 4567', 'melih.ertac@example.com', 'Technical Staff','07:00-15:00', 3000),
('Emp49', 1, 'Zeynep', 'Çelik', '1992-01-12', 'F', 'Avanos Mah., Kapadokya Cad. No:32, Avanos, Nevþehir', '+90 532 115 6543', 'zeynep.celik@example.com', 'Technical Staff','15:00-23:00', 3100),
('Emp50', 1, 'Caner', 'Acar', '1984-06-24', 'M', 'Göreme Köyü, Ürgüp Yolu No:54, Göreme, Nevþehir', '+90 532 004 7890', 'caner.acar@example.com', 'Technical Staff','15:00-23:00', 3100),
('Emp51', 1, 'Elif', 'Þimþek', '1989-11-17', 'F', 'Acýgöl Mah., Kayseri Yolu No:88, Acýgöl, Nevþehir', '+90 532 025 6677', 'elif.simsek@example.com', 'Technical Staff','23:00-07:00', 3200),
('Emp52', 1, 'Tolga', 'Taþkýn', '1983-04-29', 'M', 'Ürgüp Kasabasý, Kapadokya Cad. No:99, Ürgüp, Nevþehir', '+90 532 005 7788', 'tolga.taskin@example.com', 'Technical Staff','23:00-07:00', 3200);
